{
  "plugin": {
    "strings": {
      "TITLE": "Sloth Sample Data",
      "OVERVIEW_TITLE": "Sloth Sample Data",
      "STEP_FAILED": "Step %1$u Failed: %2$s",
      "FILES_COPIED": "Files copied succesfully",
      "STEP_SKIPPED": "Step %1$u Skipped: '%2$s' is either not installed or disabled.",
      "STEP1_SUCCESS": "Step 1: %1$u extension options updated.",
      "STEP2_SUCCESS": "Step 2: %1$u categories created.",
      "STEP3_SUCCESS": "Step 3: %1$u articles created.",
      "STEP4_SUCCESS": "Step 4: %1$u menu placeholder created.",
      "STEP5_SUCCESS": "Step 4: %1$u menu items created.",
      "STEP6_SUCCESS": "Step 6: %1$u modules created.",
      "STEP7_SUCCESS": "Step 7: Images copied.",
      "STEP8_SUCCESS": "Sloth Sample Data has been installed!",
      "DESCRIPTION": "Provides the Sloth template the required sample data. Can be installed using the sample data module."
    }
  },
  "steps": {
    "0": {
      "component": "com_extensions",
      "data": [
        {
          "name": "sloth",
          "type": "template",
          "element": "sloth",
          "folder": "",
          "client_id": 0,
          "enabled": 1,
          "access": 1,
          "protected": 0,
          "locked": 0,
          "params": {},
          "checked_out": 0,
          "checked_out_time": null,
          "ordering": 0,
          "state": 0,
          "note": null
        },
        {
          "name": "Responsive content images",
          "type": "plugin",
          "element": "responsive",
          "changelogurl": "",
          "folder": "content",
          "client_id": 0,
          "enabled": 1,
          "access": 1,
          "protected": 0,
          "locked": 0,
          "params": {
            "quality": "85",
            "scaleUp": "0",
            "scaleMethod": "SCALE_INSIDE",
            "cleanup": "0"
          },
          "checked_out": 0,
          "checked_out_time": null,
          "ordering": 0,
          "state": 0,
          "note": ""
        },
        {
          "name": "Landing Component",
          "type": "component",
          "element": "com_landing",
          "changelogurl": "",
          "folder": "",
          "client_id": 1,
          "enabled": 1,
          "access": 0,
          "protected": 0,
          "locked": 0,
          "params": {},
          "checked_out": 0,
          "checked_out_time": null,
          "ordering": 0,
          "state": 0,
          "note": null
        },
        {
          "name": "mod_articles_category",
          "type": "module",
          "element": "mod_articles_category",
          "changelogurl": null,
          "folder": "",
          "client_id": 0,
          "enabled": 1,
          "access": 1,
          "protected": 0,
          "locked": 1,
          "manifest_cache": "{\"name\":\"mod_articles_category\",\"type\":\"module\",\"creationDate\":\"February 2010\",\"author\":\"Joomla! Project\",\"copyright\":\"Copyright (C) 2005 - 2019 Open Source Matters. All rights reserved.\",\"authorEmail\":\"admin@joomla.org\",\"authorUrl\":\"www.joomla.org\",\"version\":\"3.0.0\",\"description\":\"MOD_ARTICLES_CATEGORY_XML_DESCRIPTION\",\"group\":\"\",\"filename\":\"mod_articles_category\"}",
          "params": "",
          "checked_out": 0,
          "checked_out_time": null,
          "ordering": 0,
          "state": 0,
          "note": null
        }
      ]
    },
    "1": {
      "component": "com_categories",
      "model": "Category",
      "data": [
        {
          "id": 0,
          "alias": "",
          "parent_id": 1,
          "level": 1,
          "path": "erat-lacinia",
          "extension": "com_content",
          "title": "Erat lacinia",
          "note": "",
          "description": "",
          "created_user_id": 0,
          "published": 1,
          "checked_out": 0,
          "checked_out_time": null,
          "access": 1,
          "params": "{\"category_layout\":\"\",\"image\":\"\",\"image_alt\":\"\",\"workflow_id\":\"use_default\"}",
          "metadesc": "",
          "metakey": "",
          "metadata": "{\"author\":\"\",\"robots\":\"\"}",
          "hits": 0,
          "language": "*",
          "version": 1
        },
        {
          "id": 0,
          "alias": "",
          "parent_id": 1,
          "level": 1,
          "path": "ipsum-sed-dolor",
          "extension": "com_content",
          "title": "Ipsum sed dolor",
          "note": "",
          "description": "",
          "published": 1,
          "created_user_id": 0,
          "checked_out": 0,
          "checked_out_time": null,
          "access": 1,
          "params": "{\"category_layout\":\"\",\"image\":\"\",\"image_alt\":\"\",\"workflow_id\":\"use_default\"}",
          "metadesc": "",
          "metakey": "",
          "metadata": "{\"author\":\"\",\"robots\":\"\"}",
          "hits": 0,
          "language": "*",
          "version": 1
        }
      ]
    },
    "2": {
      "component": "com_content",
      "model": "Article",
      "data": [
        {
          "id": 0,
          "title": "Sed magna finibus",
          "alias": "",
          "introtext": "<p>Aenean ornare velit lacus, ac varius enim lorem ullamcorper dolore. Proin aliquam facilisis ante interdum. Sed nulla amet lorem feugiat tempus aliquam.</p>",
          "fulltext": "<p>Aenean ornare velit lacus, ac varius enim lorem ullamcorper dolore. Proin aliquam facilisis ante interdum. Sed nulla amet lorem feugiat tempus aliquam.</p>",
          "state": 1,
          "catid": 0,
          "transition": 2,
          "created_user_id": 0,
          "checked_out": 0,
          "checked_out_time": null,
          "publish_down": null,
          "images": "{\"image_intro\":\"images/meric_dagli_cvCt8rx9guU.jpg\",\"float_intro\":\"\",\"image_intro_alt\":\"\",\"image_intro_caption\":\"\",\"image_fulltext\":\"\",\"float_fulltext\":\"\",\"image_fulltext_alt\":\"\",\"image_fulltext_caption\":\"\"}",
          "urls": "{\"urla\":\"\",\"urlatext\":\"\",\"targeta\":\"\",\"urlb\":\"\",\"urlbtext\":\"\",\"targetb\":\"\",\"urlc\":\"\",\"urlctext\":\"\",\"targetc\":\"\"}",
          "attribs": "{\"article_layout\":\"\",\"show_title\":\"\",\"link_titles\":\"\",\"show_tags\":\"\",\"show_intro\":\"\",\"info_block_position\":\"\",\"info_block_show_title\":\"\",\"show_category\":\"\",\"link_category\":\"\",\"show_parent_category\":\"\",\"link_parent_category\":\"\",\"show_author\":\"\",\"link_author\":\"\",\"show_create_date\":\"\",\"show_modify_date\":\"\",\"show_publish_date\":\"\",\"show_item_navigation\":\"\",\"show_vote\":\"\",\"show_hits\":\"\",\"show_noauth\":\"\",\"urls_position\":\"\",\"alternative_readmore\":\"\",\"article_page_title\":\"\",\"show_publishing_options\":\"\",\"show_article_options\":\"\",\"show_urls_images_backend\":\"\",\"show_urls_images_frontend\":\"\"}",
          "version": 1,
          "ordering": 4,
          "metakey": "",
          "metadesc": "",
          "access": 1,
          "hits": 0,
          "metadata": "{\"robots\":\"\",\"author\":\"\",\"rights\":\"\"}",
          "featured": 0,
          "language": "*",
          "note": ""
        },
        {
          "id": 0,
          "title": "Quam lorem ipsum",
          "alias": "",
          "introtext": "<p>Aenean ornare velit lacus, ac varius enim lorem ullamcorper dolore. Proin aliquam facilisis ante interdum. Sed nulla amet lorem feugiat tempus aliquam.</p>",
          "fulltext": "<p>Aenean ornare velit lacus, ac varius enim lorem ullamcorper dolore. Proin aliquam facilisis ante interdum. Sed nulla amet lorem feugiat tempus aliquam.</p>",
          "state": 1,
          "catid": 0,
          "transition": 2,
          "checked_out": 0,
          "created_user_id": 0,
          "checked_out_time": null,
          "publish_down": null,
          "images": "{\"image_intro\":\"images/photo_boards_KZNTEn2r6tw.jpg\",\"float_intro\":\"\",\"image_intro_alt\":\"\",\"image_intro_caption\":\"\",\"image_fulltext\":\"\",\"float_fulltext\":\"\",\"image_fulltext_alt\":\"\",\"image_fulltext_caption\":\"\"}",
          "urls": "{\"urla\":\"\",\"urlatext\":\"\",\"targeta\":\"\",\"urlb\":\"\",\"urlbtext\":\"\",\"targetb\":\"\",\"urlc\":\"\",\"urlctext\":\"\",\"targetc\":\"\"}",
          "attribs": "{\"article_layout\":\"\",\"show_title\":\"\",\"link_titles\":\"\",\"show_tags\":\"\",\"show_intro\":\"\",\"info_block_position\":\"\",\"info_block_show_title\":\"\",\"show_category\":\"\",\"link_category\":\"\",\"show_parent_category\":\"\",\"link_parent_category\":\"\",\"show_author\":\"\",\"link_author\":\"\",\"show_create_date\":\"\",\"show_modify_date\":\"\",\"show_publish_date\":\"\",\"show_item_navigation\":\"\",\"show_vote\":\"\",\"show_hits\":\"\",\"show_noauth\":\"\",\"urls_position\":\"\",\"alternative_readmore\":\"\",\"article_page_title\":\"\",\"show_publishing_options\":\"\",\"show_article_options\":\"\",\"show_urls_images_backend\":\"\",\"show_urls_images_frontend\":\"\"}",
          "version": 1,
          "ordering": 3,
          "metakey": "",
          "metadesc": "",
          "access": 1,
          "hits": 0,
          "metadata": "{\"robots\":\"\",\"author\":\"\",\"rights\":\"\"}",
          "featured": 0,
          "language": "*",
          "note": ""
        },
        {
          "id": 0,
          "title": "Sapien veroeros",
          "alias": "",
          "introtext": "<p>Aenean ornare velit lacus, ac varius enim lorem ullamcorper dolore. Proin aliquam facilisis ante interdum. Sed nulla amet lorem feugiat tempus aliquam.</p>",
          "fulltext": "<p>Aenean ornare velit lacus, ac varius enim lorem ullamcorper dolore. Proin aliquam facilisis ante interdum. Sed nulla amet lorem feugiat tempus aliquam.</p>",
          "state": 1,
          "catid": 0,
          "transition": 2,
          "checked_out": 0,
          "created_user_id": 0,
          "checked_out_time": null,
          "publish_down": null,
          "images": "{\"image_intro\":\"images/jr_korpa_7qBiDC65J8g.jpg\",\"float_intro\":\"\",\"image_intro_alt\":\"\",\"image_intro_caption\":\"\",\"image_fulltext\":\"\",\"float_fulltext\":\"\",\"image_fulltext_alt\":\"\",\"image_fulltext_caption\":\"\"}",
          "urls": "{\"urla\":\"\",\"urlatext\":\"\",\"targeta\":\"\",\"urlb\":\"\",\"urlbtext\":\"\",\"targetb\":\"\",\"urlc\":\"\",\"urlctext\":\"\",\"targetc\":\"\"}",
          "attribs": "{\"article_layout\":\"\",\"show_title\":\"\",\"link_titles\":\"\",\"show_tags\":\"\",\"show_intro\":\"\",\"info_block_position\":\"\",\"info_block_show_title\":\"\",\"show_category\":\"\",\"link_category\":\"\",\"show_parent_category\":\"\",\"link_parent_category\":\"\",\"show_author\":\"\",\"link_author\":\"\",\"show_create_date\":\"\",\"show_modify_date\":\"\",\"show_publish_date\":\"\",\"show_item_navigation\":\"\",\"show_vote\":\"\",\"show_hits\":\"\",\"show_noauth\":\"\",\"urls_position\":\"\",\"alternative_readmore\":\"\",\"article_page_title\":\"\",\"show_publishing_options\":\"\",\"show_article_options\":\"\",\"show_urls_images_backend\":\"\",\"show_urls_images_frontend\":\"\"}",
          "version": 1,
          "ordering": 2,
          "metakey": "",
          "metadesc": "",
          "access": 1,
          "hits": 0,
          "metadata": "{\"robots\":\"\",\"author\":\"\",\"rights\":\"\"}",
          "featured": 0,
          "language": "*",
          "note": ""
        },
        {
          "id": 0,
          "title": " Portitor ullamcorper",
          "alias": "",
          "introtext": "<p>Aenean ornare velit lacus, ac varius enim lorem ullamcorper dolore. Proin aliquam facilisis ante interdum. Sed nulla amet lorem feugiat tempus aliquam.</p>",
          "fulltext": "<p>Aenean ornare velit lacus, ac varius enim lorem ullamcorper dolore. Proin aliquam facilisis ante interdum. Sed nulla amet lorem feugiat tempus aliquam.</p>",
          "state": 1,
          "catid": 0,
          "transition": 2,
          "created_user_id": 0,
          "checked_out": 0,
          "checked_out_time": null,
          "publish_down": null,
          "images": "{\"image_intro\":\"images/f_a_9waTNKHFRs4.jpg\",\"float_intro\":\"\",\"image_intro_alt\":\"\",\"image_intro_caption\":\"\",\"image_fulltext\":\"\",\"float_fulltext\":\"\",\"image_fulltext_alt\":\"\",\"image_fulltext_caption\":\"\"}",
          "urls": "{\"urla\":\"\",\"urlatext\":\"\",\"targeta\":\"\",\"urlb\":\"\",\"urlbtext\":\"\",\"targetb\":\"\",\"urlc\":\"\",\"urlctext\":\"\",\"targetc\":\"\"}",
          "attribs": "{\"article_layout\":\"\",\"show_title\":\"\",\"link_titles\":\"\",\"show_tags\":\"\",\"show_intro\":\"\",\"info_block_position\":\"\",\"info_block_show_title\":\"\",\"show_category\":\"\",\"link_category\":\"\",\"show_parent_category\":\"\",\"link_parent_category\":\"\",\"show_author\":\"\",\"link_author\":\"\",\"show_create_date\":\"\",\"show_modify_date\":\"\",\"show_publish_date\":\"\",\"show_item_navigation\":\"\",\"show_vote\":\"\",\"show_hits\":\"\",\"show_noauth\":\"\",\"urls_position\":\"\",\"alternative_readmore\":\"\",\"article_page_title\":\"\",\"show_publishing_options\":\"\",\"show_article_options\":\"\",\"show_urls_images_backend\":\"\",\"show_urls_images_frontend\":\"\"}",
          "version": 1,
          "ordering": 1,
          "metakey": "",
          "metadesc": "",
          "access": 1,
          "hits": 0,
          "metadata": "{\"robots\":\"\",\"author\":\"\",\"rights\":\"\"}",
          "featured": 0,
          "language": "*",
          "note": ""
        },
        {
          "id": 0,
          "title": "Hi, I’m Sloth by dGrammatiko",
          "alias": "",
          "introtext": "<p>Aenean ornare velit lacus, ac varius enim ullamcorper eu. Proin aliquam facilisis ante interdum congue. Integer mollis, nisl amet convallis, porttitor magna ullamcorper, amet egestas mauris. Ut magna finibus nisi nec lacinia. Nam maximus erat id euismod egestas. Pellentesque sapien ac quam. Lorem ipsum dolor sit nullam.</p>",
          "fulltext": "<p>Aenean ornare velit lacus, ac varius enim ullamcorper eu. Proin aliquam facilisis ante interdum congue. Integer mollis, nisl amet convallis, porttitor magna ullamcorper, amet egestas mauris. Ut magna finibus nisi nec lacinia. Nam maximus erat id euismod egestas. Pellentesque sapien ac quam. Lorem ipsum dolor sit nullam.</p>",
          "state": 1,
          "catid": 0,
          "transition": 2,
          "created_user_id": 0,
          "checked_out": 0,
          "checked_out_time": null,
          "publish_up": "2020-05-19 14:39:46",
          "publish_down": null,
          "images": "{\"image_intro\":\"images/sai-kiran-anagani-83zRhEhFMfo-unsplash.jpg\",\"float_intro\":\"\",\"image_intro_alt\":\"\",\"image_intro_caption\":\"\",\"image_fulltext\":\"\",\"float_fulltext\":\"\",\"image_fulltext_alt\":\"\",\"image_fulltext_caption\":\"\"}",
          "urls": "{\"urla\":\"\",\"urlatext\":\"\",\"targeta\":\"\",\"urlb\":\"\",\"urlbtext\":\"\",\"targetb\":\"\",\"urlc\":\"\",\"urlctext\":\"\",\"targetc\":\"\"}",
          "attribs": "{\"article_layout\":\"\",\"show_title\":\"\",\"link_titles\":\"\",\"show_tags\":\"\",\"show_intro\":\"\",\"info_block_position\":\"\",\"info_block_show_title\":\"\",\"show_category\":\"\",\"link_category\":\"\",\"show_parent_category\":\"\",\"link_parent_category\":\"\",\"show_author\":\"\",\"link_author\":\"\",\"show_create_date\":\"\",\"show_modify_date\":\"\",\"show_publish_date\":\"\",\"show_item_navigation\":\"\",\"show_vote\":\"\",\"show_hits\":\"\",\"show_noauth\":\"\",\"urls_position\":\"\",\"alternative_readmore\":\"\",\"article_page_title\":\"\",\"show_publishing_options\":\"\",\"show_article_options\":\"\",\"show_urls_images_backend\":\"\",\"show_urls_images_frontend\":\"\"}",
          "version": 1,
          "ordering": 0,
          "metakey": "",
          "metadesc": "",
          "access": 1,
          "hits": 0,
          "metadata": "{\"robots\":\"\",\"author\":\"\",\"rights\":\"\"}",
          "featured": 0,
          "language": "*",
          "note": ""
        },
        {
          "id": 0,
          "title": "Amet varius aliquam",
          "alias": "",
          "introtext": "<p>Aenean ornare velit lacus, ac varius enim lorem ullamcorper dolore. Proin aliquam facilisis ante interdum. Sed nulla amet lorem feugiat tempus aliquam.</p>",
          "fulltext": "<p>Aenean ornare velit lacus, ac varius enim lorem ullamcorper dolore. Proin aliquam facilisis ante interdum. Sed nulla amet lorem feugiat tempus aliquam.</p>",
          "state": 1,
          "catid": 1,
          "transition": 2,
          "created_user_id": 0,
          "checked_out": 0,
          "checked_out_time": null,
          "publish_up": null,
          "publish_down": null,
          "images": "{\"image_intro\":\"images/chuttersnap_Cwk4lprGKbk.jpg\",\"float_intro\":\"\",\"image_intro_alt\":\"\",\"image_intro_caption\":\"\",\"image_fulltext\":\"\",\"float_fulltext\":\"\",\"image_fulltext_alt\":\"\",\"image_fulltext_caption\":\"\"}",
          "urls": "{\"urla\":\"\",\"urlatext\":\"\",\"targeta\":\"\",\"urlb\":\"\",\"urlbtext\":\"\",\"targetb\":\"\",\"urlc\":\"\",\"urlctext\":\"\",\"targetc\":\"\"}",
          "attribs": "{\"article_layout\":\"\",\"show_title\":\"\",\"link_titles\":\"\",\"show_tags\":\"\",\"show_intro\":\"\",\"info_block_position\":\"\",\"info_block_show_title\":\"\",\"show_category\":\"\",\"link_category\":\"\",\"show_parent_category\":\"\",\"link_parent_category\":\"\",\"show_author\":\"\",\"link_author\":\"\",\"show_create_date\":\"\",\"show_modify_date\":\"\",\"show_publish_date\":\"\",\"show_item_navigation\":\"\",\"show_vote\":\"\",\"show_hits\":\"\",\"show_noauth\":\"\",\"urls_position\":\"\",\"alternative_readmore\":\"\",\"article_page_title\":\"\",\"show_publishing_options\":\"\",\"show_article_options\":\"\",\"show_urls_images_backend\":\"\",\"show_urls_images_frontend\":\"\"}",
          "version": 1,
          "ordering": 5,
          "metakey": "",
          "metadesc": "",
          "access": 1,
          "hits": 0,
          "metadata": "{\"robots\":\"\",\"author\":\"\",\"rights\":\"\"}",
          "featured": 0,
          "language": "*",
          "note": ""
        },
        {
          "id": 0,
          "title": "Feugiat lorem aenean",
          "alias": "",
          "introtext": "<p>Aenean ornare velit lacus, ac varius enim lorem ullamcorper dolore. Proin aliquam facilisis ante interdum. Sed nulla amet lorem feugiat tempus aliquam.</p>",
          "fulltext": "<p>Aenean ornare velit lacus, ac varius enim lorem ullamcorper dolore. Proin aliquam facilisis ante interdum. Sed nulla amet lorem feugiat tempus aliquam.</p>",
          "state": 1,
          "catid": 1,
          "transition": 2,
          "created_user_id": 0,
          "checked_out": 0,
          "checked_out_time": null,
          "publish_up": null,
          "publish_down": null,
          "images": "{\"image_intro\":\"images/june_wong_GYCwGFPTUzw.jpg\",\"float_intro\":\"\",\"image_intro_alt\":\"\",\"image_intro_caption\":\"\",\"image_fulltext\":\"\",\"float_fulltext\":\"\",\"image_fulltext_alt\":\"\",\"image_fulltext_caption\":\"\"}",
          "urls": "{\"urla\":\"\",\"urlatext\":\"\",\"targeta\":\"\",\"urlb\":\"\",\"urlbtext\":\"\",\"targetb\":\"\",\"urlc\":\"\",\"urlctext\":\"\",\"targetc\":\"\"}",
          "attribs": "{\"article_layout\":\"\",\"show_title\":\"\",\"link_titles\":\"\",\"show_tags\":\"\",\"show_intro\":\"\",\"info_block_position\":\"\",\"info_block_show_title\":\"\",\"show_category\":\"\",\"link_category\":\"\",\"show_parent_category\":\"\",\"link_parent_category\":\"\",\"show_author\":\"\",\"link_author\":\"\",\"show_create_date\":\"\",\"show_modify_date\":\"\",\"show_publish_date\":\"\",\"show_item_navigation\":\"\",\"show_vote\":\"\",\"show_hits\":\"\",\"show_noauth\":\"\",\"urls_position\":\"\",\"alternative_readmore\":\"\",\"article_page_title\":\"\",\"show_publishing_options\":\"\",\"show_article_options\":\"\",\"show_urls_images_backend\":\"\",\"show_urls_images_frontend\":\"\"}",
          "version": 3,
          "ordering": 4,
          "metakey": "",
          "metadesc": "",
          "access": 1,
          "hits": 0,
          "metadata": "{\"robots\":\"\",\"author\":\"\",\"rights\":\"\"}",
          "featured": 0,
          "language": "*",
          "note": ""
        },
        {
          "id": 0,
          "title": "Sed etiam facilis",
          "alias": "",
          "introtext": "<p>Aenean ornare velit lacus, ac varius enim lorem ullamcorper dolore. Proin aliquam facilisis ante interdum. Sed nulla amet lorem feugiat tempus aliquam.</p>",
          "fulltext": "<p>Aenean ornare velit lacus, ac varius enim lorem ullamcorper dolore. Proin aliquam facilisis ante interdum. Sed nulla amet lorem feugiat tempus aliquam.</p>",
          "state": 1,
          "catid": 1,
          "transition": 2,
          "created_user_id": 0,
          "checked_out": 0,
          "checked_out_time": null,
          "publish_up": null,
          "publish_down": null,
          "images": "{\"image_intro\":\"images/derek_thomson_NqJYQ3m_rVA.jpg\",\"float_intro\":\"\",\"image_intro_alt\":\"\",\"image_intro_caption\":\"\",\"image_fulltext\":\"\",\"float_fulltext\":\"\",\"image_fulltext_alt\":\"\",\"image_fulltext_caption\":\"\"}",
          "urls": "{\"urla\":\"\",\"urlatext\":\"\",\"targeta\":\"\",\"urlb\":\"\",\"urlbtext\":\"\",\"targetb\":\"\",\"urlc\":\"\",\"urlctext\":\"\",\"targetc\":\"\"}",
          "attribs": "{\"article_layout\":\"\",\"show_title\":\"\",\"link_titles\":\"\",\"show_tags\":\"\",\"show_intro\":\"\",\"info_block_position\":\"\",\"info_block_show_title\":\"\",\"show_category\":\"\",\"link_category\":\"\",\"show_parent_category\":\"\",\"link_parent_category\":\"\",\"show_author\":\"\",\"link_author\":\"\",\"show_create_date\":\"\",\"show_modify_date\":\"\",\"show_publish_date\":\"\",\"show_item_navigation\":\"\",\"show_vote\":\"\",\"show_hits\":\"\",\"show_noauth\":\"\",\"urls_position\":\"\",\"alternative_readmore\":\"\",\"article_page_title\":\"\",\"show_publishing_options\":\"\",\"show_article_options\":\"\",\"show_urls_images_backend\":\"\",\"show_urls_images_frontend\":\"\"}",
          "version": 1,
          "ordering": 3,
          "metakey": "",
          "metadesc": "",
          "access": 1,
          "hits": 0,
          "metadata": "{\"robots\":\"\",\"author\":\"\",\"rights\":\"\"}",
          "featured": 0,
          "language": "*",
          "note": ""
        },
        {
          "id": 0,
          "title": "Tempus ullamcorper",
          "alias": "",
          "introtext": "<p>Aenean ornare velit lacus, ac varius enim lorem ullamcorper dolore. Proin aliquam facilisis ante interdum. Sed nulla amet lorem feugiat tempus aliquam.</p>",
          "fulltext": "<p>Aenean ornare velit lacus, ac varius enim lorem ullamcorper dolore. Proin aliquam facilisis ante interdum. Sed nulla amet lorem feugiat tempus aliquam.</p>",
          "state": 1,
          "catid": 1,
          "transition": 2,
          "created_user_id": 0,
          "checked_out": 0,
          "checked_out_time": null,
          "publish_up": null,
          "publish_down": null,
          "images": "{\"image_intro\":\"images/francesco_casalino_NgovMDrbhgk.jpg\",\"float_intro\":\"\",\"image_intro_alt\":\"\",\"image_intro_caption\":\"\",\"image_fulltext\":\"\",\"float_fulltext\":\"\",\"image_fulltext_alt\":\"\",\"image_fulltext_caption\":\"\"}",
          "urls": "{\"urla\":\"\",\"urlatext\":\"\",\"targeta\":\"\",\"urlb\":\"\",\"urlbtext\":\"\",\"targetb\":\"\",\"urlc\":\"\",\"urlctext\":\"\",\"targetc\":\"\"}",
          "attribs": "{\"article_layout\":\"\",\"show_title\":\"\",\"link_titles\":\"\",\"show_tags\":\"\",\"show_intro\":\"\",\"info_block_position\":\"\",\"info_block_show_title\":\"\",\"show_category\":\"\",\"link_category\":\"\",\"show_parent_category\":\"\",\"link_parent_category\":\"\",\"show_author\":\"\",\"link_author\":\"\",\"show_create_date\":\"\",\"show_modify_date\":\"\",\"show_publish_date\":\"\",\"show_item_navigation\":\"\",\"show_vote\":\"\",\"show_hits\":\"\",\"show_noauth\":\"\",\"urls_position\":\"\",\"alternative_readmore\":\"\",\"article_page_title\":\"\",\"show_publishing_options\":\"\",\"show_article_options\":\"\",\"show_urls_images_backend\":\"\",\"show_urls_images_frontend\":\"\"}",
          "version": 1,
          "ordering": 2,
          "metakey": "",
          "metadesc": "",
          "access": 1,
          "hits": 0,
          "metadata": "{\"robots\":\"\",\"author\":\"\",\"rights\":\"\"}",
          "featured": 0,
          "language": "*",
          "note": ""
        },
        {
          "id": 0,
          "title": "Nulla amet dolore",
          "alias": "",
          "introtext": "<p>Aenean ornare velit lacus, ac varius enim lorem ullamcorper dolore. Proin aliquam facilisis ante interdum. Sed nulla amet lorem feugiat tempus aliquam.</p>",
          "fulltext": "<p>Aenean ornare velit lacus, ac varius enim lorem ullamcorper dolore. Proin aliquam facilisis ante interdum. Sed nulla amet lorem feugiat tempus aliquam.</p>",
          "state": 1,
          "catid": 1,
          "transition": 2,
          "created_user_id": 0,
          "checked_out": 0,
          "checked_out_time": null,
          "publish_up": null,
          "publish_down": null,
          "images": "{\"image_intro\":\"images//marija_zaric.jpg\",\"float_intro\":\"\",\"image_intro_alt\":\"\",\"image_intro_caption\":\"\",\"image_fulltext\":\"\",\"float_fulltext\":\"\",\"image_fulltext_alt\":\"\",\"image_fulltext_caption\":\"\"}",
          "urls": "{\"urla\":\"\",\"urlatext\":\"\",\"targeta\":\"\",\"urlb\":\"\",\"urlbtext\":\"\",\"targetb\":\"\",\"urlc\":\"\",\"urlctext\":\"\",\"targetc\":\"\"}",
          "attribs": "{\"article_layout\":\"\",\"show_title\":\"\",\"link_titles\":\"\",\"show_tags\":\"\",\"show_intro\":\"\",\"info_block_position\":\"\",\"info_block_show_title\":\"\",\"show_category\":\"\",\"link_category\":\"\",\"show_parent_category\":\"\",\"link_parent_category\":\"\",\"show_author\":\"\",\"link_author\":\"\",\"show_create_date\":\"\",\"show_modify_date\":\"\",\"show_publish_date\":\"\",\"show_item_navigation\":\"\",\"show_vote\":\"\",\"show_hits\":\"\",\"show_noauth\":\"\",\"urls_position\":\"\",\"alternative_readmore\":\"\",\"article_page_title\":\"\",\"show_publishing_options\":\"\",\"show_article_options\":\"\",\"show_urls_images_backend\":\"\",\"show_urls_images_frontend\":\"\"}",
          "version": 1,
          "ordering": 1,
          "metakey": "",
          "metadesc": "",
          "access": 1,
          "hits": 0,
          "metadata": "{\"robots\":\"\",\"author\":\"\",\"rights\":\"\"}",
          "featured": 0,
          "language": "*",
          "note": ""
        },
        {
          "id": 0,
          "title": "Interdum aenean",
          "alias": "",
          "introtext": "<p>Aenean ornare velit lacus, ac varius enim lorem ullamcorper dolore. Proin aliquam facilisis ante interdum. Sed nulla amet lorem feugiat tempus aliquam.</p>",
          "fulltext": "<p>Aenean ornare velit lacus, ac varius enim lorem ullamcorper dolore. Proin aliquam facilisis ante interdum. Sed nulla amet lorem feugiat tempus aliquam.</p><p>💣</p>",
          "state": 1,
          "catid": 1,
          "transition": 2,
          "created_user_id": 0,
          "checked_out": 0,
          "checked_out_time": null,
          "publish_down": null,
          "images": "{\"image_intro\":\"images/sean-o-KMn4VEeEPR8-unsplash.jpg\",\"float_intro\":\"\",\"image_intro_alt\":\"\",\"image_intro_caption\":\"\",\"image_fulltext\":\"\",\"float_fulltext\":\"\",\"image_fulltext_alt\":\"\",\"image_fulltext_caption\":\"\"}",
          "urls": "{\"urla\":\"\",\"urlatext\":\"\",\"targeta\":\"\",\"urlb\":\"\",\"urlbtext\":\"\",\"targetb\":\"\",\"urlc\":\"\",\"urlctext\":\"\",\"targetc\":\"\"}",
          "attribs": "{\"article_layout\":\"\",\"show_title\":\"\",\"link_titles\":\"\",\"show_tags\":\"\",\"show_intro\":\"\",\"info_block_position\":\"\",\"info_block_show_title\":\"\",\"show_category\":\"\",\"link_category\":\"\",\"show_parent_category\":\"\",\"link_parent_category\":\"\",\"show_author\":\"\",\"link_author\":\"\",\"show_create_date\":\"\",\"show_modify_date\":\"\",\"show_publish_date\":\"\",\"show_item_navigation\":\"\",\"show_vote\":\"\",\"show_hits\":\"\",\"show_noauth\":\"\",\"urls_position\":\"\",\"alternative_readmore\":\"\",\"article_page_title\":\"\",\"show_publishing_options\":\"\",\"show_article_options\":\"\",\"show_urls_images_backend\":\"\",\"show_urls_images_frontend\":\"\"}",
          "version": 1,
          "ordering": 0,
          "metakey": "",
          "metadesc": "",
          "access": 1,
          "hits": 0,
          "metadata": "{\"robots\":\"\",\"author\":\"\",\"rights\":\"\"}",
          "featured": 0,
          "language": "*",
          "note": ""
        }
      ]
    },
    "3": {
      "component": "com_menus",
      "model": "Menu",
      "data": [
        {
          "menutype": "slothmenu",
          "title": "Sloth Main Menu",
          "description": "The main menu for the sloth template demo data",
          "client_id": 0
        }
      ]
    },
    "4": {
      "component": "com_menus",
      "model": "Item",
      "data": [
        {
          "id": 0,
          "menutype": "slothmenu",
          "title": "Sloth Menu Home",
          "alias": "",
          "note": "",
          "path": "sloth-menu-home",
          "link": "index.php?option=com_landing&view=default",
          "type": "component",
          "published": 1,
          "parent_id": 1,
          "level": 1,
          "component_id": 218,
          "checked_out": null,
          "checked_out_time": null,
          "browserNav": 0,
          "access": 1,
          "img": " ",
          "template_style_id": 0,
          "params": "{\"menu-anchor_title\":\"\",\"menu-anchor_css\":\"\",\"menu_image\":\"\",\"menu_image_css\":\"\",\"menu_text\":1,\"menu_show\":1,\"page_title\":\"\",\"show_page_heading\":\"\",\"page_heading\":\"\",\"pageclass_sfx\":\"\",\"menu-meta_description\":\"\",\"robots\":\"\"}",
          "lft": 47,
          "rgt": 48,
          "home": 1,
          "language": "*",
          "client_id": 0,
          "publish_up": null,
          "publish_down": null
        },
        {
          "id": 0,
          "menutype": "slothmenu",
          "alias": "",
          "title": "Erat lacinia",
          "note": "",
          "path": "erat-lacinia",
          "link": "index.php?option=com_content&view=category&layout=blog&id={{com_categories_Category:0}}",
          "type": "component",
          "published": 1,
          "parent_id": 1,
          "level": 1,
          "checked_out": 0,
          "checked_out_time": null,
          "browserNav": 0,
          "access": 1,
          "img": " ",
          "template_style_id": 0,
          "params": "{\"layout_type\":\"blog\",\"show_category_heading_title_text\":\"\",\"show_category_title\":\"\",\"show_description\":\"\",\"show_description_image\":\"\",\"maxLevel\":\"\",\"show_empty_categories\":\"\",\"show_no_articles\":\"\",\"show_subcat_desc\":\"\",\"show_cat_num_articles\":\"\",\"show_cat_tags\":\"\",\"page_subheading\":\"\",\"blog_class_leading\":\"\",\"blog_class\":\"\",\"num_leading_articles\":\"\",\"num_intro_articles\":\"\",\"num_links\":\"\",\"show_subcategory_content\":\"\",\"orderby_pri\":\"\",\"orderby_sec\":\"\",\"order_date\":\"\",\"show_pagination\":\"\",\"show_pagination_results\":\"\",\"show_featured\":\"\",\"article_layout\":\"_:default\",\"show_title\":\"\",\"link_titles\":\"\",\"show_intro\":\"\",\"info_block_position\":\"\",\"info_block_show_title\":\"\",\"show_category\":\"\",\"link_category\":\"\",\"show_parent_category\":\"\",\"link_parent_category\":\"\",\"show_author\":\"\",\"link_author\":\"\",\"show_create_date\":\"\",\"show_modify_date\":\"\",\"show_publish_date\":\"\",\"show_item_navigation\":\"\",\"show_vote\":\"\",\"show_readmore\":\"\",\"show_readmore_title\":\"\",\"show_hits\":\"\",\"show_tags\":\"\",\"show_noauth\":\"\",\"show_feed_link\":\"\",\"feed_summary\":\"\",\"menu-anchor_title\":\"\",\"menu-anchor_css\":\"\",\"menu_image\":\"\",\"menu_image_css\":\"\",\"menu_text\":1,\"menu_show\":1,\"page_title\":\"\",\"show_page_heading\":\"\",\"page_heading\":\"\",\"pageclass_sfx\":\"\",\"menu-meta_description\":\"\",\"robots\":\"\"}",
          "home": 0,
          "language": "*",
          "client_id": 0,
          "publish_up": null,
          "publish_down": null
        },
        {
          "id": 0,
          "menutype": "slothmenu",
          "alias": "",
          "title": "Ipsum sed dolor",
          "note": "",
          "path": "ipsum-sed-dolor",
          "link": "index.php?option=com_content&view=category&layout=blog&id={{com_categories_Category:1}}",
          "type": "component",
          "published": 1,
          "parent_id": 1,
          "level": 1,
          "checked_out": 0,
          "checked_out_time": null,
          "browserNav": 0,
          "access": 1,
          "img": " ",
          "template_style_id": 0,
          "params": "{\"layout_type\":\"blog\",\"show_category_heading_title_text\":\"\",\"show_category_title\":\"\",\"show_description\":\"\",\"show_description_image\":\"\",\"maxLevel\":\"\",\"show_empty_categories\":\"\",\"show_no_articles\":\"\",\"show_subcat_desc\":\"\",\"show_cat_num_articles\":\"\",\"show_cat_tags\":\"\",\"page_subheading\":\"\",\"blog_class_leading\":\"\",\"blog_class\":\"\",\"num_leading_articles\":\"\",\"num_intro_articles\":\"\",\"num_links\":\"\",\"show_subcategory_content\":\"\",\"orderby_pri\":\"\",\"orderby_sec\":\"\",\"order_date\":\"\",\"show_pagination\":\"\",\"show_pagination_results\":\"\",\"show_featured\":\"\",\"article_layout\":\"_:default\",\"show_title\":\"\",\"link_titles\":\"\",\"show_intro\":\"\",\"info_block_position\":\"\",\"info_block_show_title\":\"\",\"show_category\":\"\",\"link_category\":\"\",\"show_parent_category\":\"\",\"link_parent_category\":\"\",\"show_author\":\"\",\"link_author\":\"\",\"show_create_date\":\"\",\"show_modify_date\":\"\",\"show_publish_date\":\"\",\"show_item_navigation\":\"\",\"show_vote\":\"\",\"show_readmore\":\"\",\"show_readmore_title\":\"\",\"show_hits\":\"\",\"show_tags\":\"\",\"show_noauth\":\"\",\"show_feed_link\":\"\",\"feed_summary\":\"\",\"menu-anchor_title\":\"\",\"menu-anchor_css\":\"\",\"menu_image\":\"\",\"menu_image_css\":\"\",\"menu_text\":1,\"menu_show\":1,\"page_title\":\"\",\"show_page_heading\":\"\",\"page_heading\":\"\",\"pageclass_sfx\":\"\",\"menu-meta_description\":\"\",\"robots\":\"\"}",
          "home": 0,
          "language": "*",
          "client_id": 0,
          "publish_up": null,
          "publish_down": null
        }
      ]
    },
    "5": {
      "component": "com_modules",
      "model": "Module",
      "data": [
        {
          "id": 0,
          "title": "Main Menu",
          "note": "",
          "content": "",
          "ordering": 1,
          "position": "menu",
          "checked_out": 0,
          "checked_out_time": null,
          "publish_up": null,
          "publish_down": null,
          "published": 1,
          "module": "mod_menu",
          "access": 1,
          "showtitle": 0,
          "params": "{\"menutype\":\"slothmenu\",\"base\":\"\",\"startLevel\":1,\"endLevel\":1,\"showAllChildren\":0,\"tag_id\":\"\",\"class_sfx\":\"\",\"window_open\":\"\",\"layout\":\"_:default\",\"moduleclass_sfx\":\"\",\"cache\":1,\"cache_time\":900,\"cachemode\":\"itemid\",\"style\":\"0\",\"module_tag\":\"div\",\"bootstrap_size\":\"0\",\"header_tag\":\"h3\",\"header_class\":\"\"}",
          "client_id": 0,
          "language": "*"
        },
        {
          "id": 0,
          "title": "Landing-up",
          "note": "",
          "content": null,
          "ordering": 1,
          "position": "frontpageup",
          "checked_out": 0,
          "checked_out_time": null,
          "publish_up": null,
          "publish_down": null,
          "published": 1,
          "module": "mod_articles_category",
          "access": 1,
          "showtitle": 0,
          "params": "{\"mode\":\"normal\",\"show_on_article_page\":1,\"count\":0,\"show_front\":\"show\",\"category_filtering_type\":1,\"catid\":[0],\"show_child_category_articles\":0,\"levels\":1,\"author_filtering_type\":0,\"author_alias_filtering_type\":0,\"excluded_articles\":\"\",\"date_filtering\":\"off\",\"date_field\":\"a.created\",\"start_date_range\":\"\",\"end_date_range\":\"\",\"relative_date\":30,\"article_ordering\":\"a.id\",\"article_ordering_direction\":\"DESC\",\"article_grouping\":\"none\",\"date_grouping_field\":\"created\",\"month_year_format\":\"F Y\",\"article_grouping_direction\":\"krsort\",\"link_titles\":1,\"show_date\":1,\"show_date_field\":\"created\",\"show_date_format\":\"Y-m-d H:i:s\",\"show_category\":1,\"show_hits\":1,\"show_author\":1,\"show_tags\":1,\"show_introtext\":1,\"introtext_limit\":100,\"show_readmore\":1,\"show_readmore_title\":1,\"readmore_limit\":15,\"layout\":\"sloth:frontpageup\",\"moduleclass_sfx\":\"\",\"owncache\":0,\"cache_time\":900,\"style\":\"0\",\"module_tag\":\"div\",\"bootstrap_size\":\"0\",\"header_tag\":\"h3\",\"header_class\":\"\"}",
          "client_id": 0,
          "language": "*"
        },
        {
          "id": 0,
          "title": "Landing-down",
          "note": "",
          "content": null,
          "ordering": 1,
          "position": "frontpagedown",
          "checked_out": 0,
          "checked_out_time": null,
          "publish_up": null,
          "publish_down": null,
          "published": 1,
          "module": "mod_articles_category",
          "access": 1,
          "showtitle": 0,
          "params": "{\"mode\":\"normal\",\"show_on_article_page\":1,\"count\":6,\"show_front\":\"show\",\"category_filtering_type\":1,\"catid\":[1],\"show_child_category_articles\":0,\"levels\":1,\"author_filtering_type\":1,\"author_alias_filtering_type\":1,\"excluded_articles\":\"\",\"date_filtering\":\"off\",\"date_field\":\"a.created\",\"start_date_range\":\"\",\"end_date_range\":\"\",\"relative_date\":30,\"article_ordering\":\"a.id\",\"article_ordering_direction\":\"DESC\",\"article_grouping\":\"none\",\"date_grouping_field\":\"created\",\"month_year_format\":\"F Y\",\"article_grouping_direction\":\"ksort\",\"link_titles\":1,\"show_date\":0,\"show_date_field\":\"created\",\"show_date_format\":\"Y-m-d H:i:s\",\"show_category\":0,\"show_hits\":0,\"show_author\":0,\"show_tags\":0,\"show_introtext\":0,\"introtext_limit\":100,\"show_readmore\":0,\"show_readmore_title\":1,\"readmore_limit\":15,\"layout\":\"sloth:frontpagedown\",\"moduleclass_sfx\":\"\",\"owncache\":0,\"cache_time\":900,\"style\":\"0\",\"module_tag\":\"div\",\"bootstrap_size\":\"0\",\"header_tag\":\"h3\",\"header_class\":\"\"}",
          "client_id": 0,
          "language": "*"
        },
        {
          "id": 0,
          "title": "Header",
          "note": "",
          "content": "",
          "ordering": 1,
          "position": "header",
          "checked_out": 0,
          "checked_out_time": null,
          "publish_up": null,
          "publish_down": null,
          "published": 1,
          "module": "mod_custom",
          "access": 1,
          "showtitle": 0,
          "params": "{\"prepare_content\":0,\"backgroundimage\":\"\",\"layout\":\"sloth:header\",\"moduleclass_sfx\":\"\",\"cache\":1,\"cache_time\":900,\"cachemode\":\"static\",\"style\":\"0\",\"module_tag\":\"div\",\"bootstrap_size\":\"0\",\"header_tag\":\"h3\",\"header_class\":\"\"}",
          "client_id": 0,
          "language": "*"
        },
        {
          "id": 0,
          "title": "footer",
          "note": "",
          "content": null,
          "ordering": 1,
          "position": "footer",
          "checked_out": 0,
          "checked_out_time": null,
          "publish_up": null,
          "publish_down": null,
          "published": 1,
          "module": "mod_footer",
          "access": 1,
          "showtitle": 0,
          "params": "{\"layout\":\"_:default\",\"moduleclass_sfx\":\"\",\"cache\":1,\"cache_time\":900,\"cachemode\":\"static\",\"style\":\"0\",\"module_tag\":\"div\",\"bootstrap_size\":\"0\",\"header_tag\":\"h3\",\"header_class\":\"\"}",
          "client_id": 0,
          "language": "*"
        }
      ]
    }
  }
}
