{
  "$schema": "https://developer.joomla.org/schemas/json-schema/web_assets.json",
  "assets": [
    {
      "name": "template.base",
      "type": "style",
      "uri": "base.min.css",
      "version": "52c7151dfa53b365d95a2b106af607a101bf4bcac800e357bf86401d9dbd0165",
      "attributes": {
        "inline": "true"
      }
    },
    {
      "name": "com_content.category_blog",
      "type": "style",
      "uri": "com_content/category_blog.min.css",
      "version": "19c4ef0aea9372d579a04ffb4ef33d02d8c79e622f9d66046ed63f2b91ced82a",
      "attributes": {
        "inline": "true"
      }
    },
    {
      "name": "com_landing.default",
      "type": "style",
      "uri": "com_landing/default.min.css",
      "version": "d2ca2cf9d79fec09fb636ea3976211c63c466d9de7a37bd18cffca57804366ad",
      "attributes": {
        "inline": "true"
      }
    },
    {
      "name": "mod_custom.header",
      "type": "style",
      "uri": "mod_custom/header.min.css",
      "version": "b17926d69bf2502ef5446baf73a939b85529a48e4012b24f7775308fa4a36c94",
      "attributes": {
        "inline": "true"
      }
    },
    {
      "name": "mod_menu.default",
      "type": "style",
      "uri": "mod_menu/default.min.css",
      "version": "16bf05cf6980dae17018bfcf9e70903af8d620d271ec834368b1ad9695797938",
      "attributes": {
        "inline": "true"
      }
    },
    {
      "name": "mod_footer.default",
      "type": "style",
      "uri": "mod_footer/default.min.css",
      "version": "c06c439da93fa6deda705b74ea73efb74025f4ac63c4a10a09ccd8a4eaa5edb1",
      "attributes": {
        "inline": "true"
      }
    },
    {
      "name": "mod_menu.default",
      "type": "script",
      "uri": "mod_menu/default.min.js",
      "version": "74b9685e38f166a3261ac0c090a365ed9c47e1bf359e07fdc1abdeb92acf407a",
      "attributes": {
        "type": "module",
        "defer": "true"
      }
    }
  ],
  "description": "As slow as it gets",
  "license": "GPL-3.0",
  "name": "sloth",
  "version": "1.0.0"
}