{
  "$schema": "https://developer.joomla.org/schemas/json-schema/web_assets.json",
  "assets": [
    {
      "name": "template.base",
      "type": "style",
      "uri": "base.min.css",
      "version": "c92c0d113051f7c75184ad9ca0c9355bf591bd47f360e906b27844b96fa63ffc",
      "attributes": {
        "inline": "true"
      }
    },
    {
      "name": "com_content.category_blog",
      "type": "style",
      "uri": "com_content/category_blog.min.css",
      "version": "6ab669e5dc7aa005266794a6be29ad64c38233b27d723c15745bf10611951555",
      "attributes": {
        "inline": "true"
      }
    },
    {
      "name": "com_landing.default",
      "type": "style",
      "uri": "com_landing/default.min.css",
      "version": "6dccf5334dd8a3546af7b5653bfdef6767dabd8b936247a101c53b16c77749f9",
      "attributes": {
        "inline": "true"
      }
    },
    {
      "name": "mod_custom.header",
      "type": "style",
      "uri": "mod_custom/header.min.css",
      "version": "ace6f57b22b0edd193467c00dcb54500c246cb3d344313a1a89918f0a32c5421",
      "attributes": {
        "inline": "true"
      }
    },
    {
      "name": "mod_menu.default",
      "type": "style",
      "uri": "mod_menu/default.min.css",
      "version": "6253fa1124d7e6c78409ef3c3ad0639d8e96976e780b37c40194a66f636ddf6c",
      "attributes": {
        "inline": "true"
      }
    },
    {
      "name": "mod_footer.default",
      "type": "style",
      "uri": "mod_footer/default.min.css",
      "version": "c06c439da93fa6deda705b74ea73efb74025f4ac63c4a10a09ccd8a4eaa5edb1",
      "attributes": {
        "inline": "true"
      }
    },
    {
      "name": "mod_menu.default",
      "type": "script",
      "uri": "mod_menu/default.min.js",
      "version": "0cac65959f27a13f2a64747cec2cfefa98db18a5641d0d277852f6178e06f5c5",
      "attributes": {
        "type": "module",
        "defer": "true"
      }
    }
  ],
  "description": "As slow as it gets",
  "license": "GPL-3.0",
  "name": "sloth",
  "version": "1.0.0"
}