<?xml version="1.0" encoding="UTF-8" ?>
<extension type="package" version="4.0" method="upgrade">
  <packagename>sloth</packagename>
  <name>Sloth Template Package</name>
  <author>Dimitris Grammatikogiannis</author>
  <creationDate>01 July 2020</creationDate>
  <version>2.0.1</version>
  <url>https://sloth-theme.site/</url>
  <packager>Dimitris Grammatikogiannis</packager>
  <packagerurl>https://dgrammatiko.online/</packagerurl>
  <description>Experience a PWA/SPA template</description>
  <scriptfile>script.php</scriptfile>
  <files folder="packages">
    <file type="component" id="com_landing">com_landing.zip</file>
    <file type="plugin" group="content" id="responsive">plg_responsive_3.5.5.zip</file>
    <file type="plugin" group="sampledata" id="sloth">plg_sampledata_sloth.zip</file>
    <file type="template" client="site" id="sloth">tmpl_sloth.zip</file>
  </files>
</extension>
